<application>
  <component name="DimensionService">
    <location key="WELCOME_SCREEN.0.0.5120.1440" x="2560" y="697" />
  </component>
  <component name="WindowManager">
    <frame x="4265" y="35" width="845" height="1394" />
  </component>
  <component name="WindowStateApplicationService">
    <state x="2560" y="697" key="WELCOME_SCREEN" timestamp="1729670779826">
      <screen x="0" y="25" width="5120" height="1415" />
    </state>
    <state x="2560" y="697" key="WELCOME_SCREEN/-1512.496.1512.944/0.25.5120.1415" timestamp="1729670779826" />
  </component>
</application>