<application>
  <component name="AndroidLogcatFilterHistory">
    <option name="mostRecentlyUsed" value="level:error " />
    <option name="nonFavorites">
      <list>
        <option value="level:error " />
        <option value="package:mine" />
        <option value="package:pid-21002" />
        <option value="com.oneandone.controlcenter" />
        <option value="package:mine https:" />
        <option value="package:mine " />
        <option value="package:mine CookieUtils" />
        <option value="package:mine RequestCounterUtil" />
        <option value="package:mine RequestLoadingInterceptor" />
        <option value="package:mine Current thread" />
        <option value="package:mine LOADING" />
        <option value="package:mine LOAD" />
        <option value="package:mine level:error " />
        <option value="package:mine level:error PACKAGE:MINE LOADING" />
        <option value="package:mine PACKAGE:MINE LOADING" />
        <option value="package:mine Loading" />
        <option value="package:mine ConnectionHe" />
        <option value="package:mine Root" />
        <option value="package:mine Root cert" />
        <option value="package:mine ROOT Native" />
      </list>
    </option>
  </component>
</application>