<application>
  <component name="FileTypeManager" version="18">
    <extensionMap>
      <mapping ext="gradle.kts" type="Kotlin" />
      <mapping ext="main.kts" type="Kotlin" />
      <mapping ext="pem" type="PLAIN_TEXT" />
      <removed_mapping ext="apk" approved="true" type="ARCHIVE" />
      <removed_mapping ext="pro" approved="true" type="DeviceSpecFile" />
      <removed_mapping ext="psd" approved="true" type="Image" />
      <removed_mapping pattern="0f32f065d353e606_0" approved="true" type="AUTO_DETECTED" />
      <removed_mapping pattern="17c7b18701d2ed80_0" approved="true" type="PLAIN_TEXT" />
      <removed_mapping pattern="3d1632dcf1a950a6_0" approved="true" type="PLAIN_TEXT" />
      <removed_mapping pattern="945b0f75a2871768904bae4295a6b9e5_1688647269833_1800" approved="true" type="AUTO_DETECTED" />
      <removed_mapping pattern="Cookies" approved="true" type="AUTO_DETECTED" />
      <removed_mapping pattern="Cookies" approved="true" type="Android Room SQL" />
      <removed_mapping pattern="Cookies" approved="true" type="DBN-PSQL" />
      <removed_mapping pattern="Cookies" approved="true" type="DBN-SQL" />
      <removed_mapping pattern="Cookies" approved="true" type="SQL" />
      <removed_mapping pattern="Cookies" approved="true" type="SQLite" />
      <removed_mapping pattern="Web Data" approved="true" type="DBN-SQL" />
    </extensionMap>
  </component>
</application>