<application>
  <component name="StudioBotSettings">
    <option name="acceptedTermsVersion" value="3" />
    <option name="contextSharingModeV2" value="AskPerProject" />
    <option name="onboardedVersion" value="3" />
    <option name="queryHistory">
      <list>
        <historyEntry timestamp="1735684676255">and is there a 3rd party plugin in the jetbrains plugins marketplace?</historyEntry>
        <historyEntry timestamp="1735684607140">Is there a plugin for a decent cursor animation like in neovide terminal?</historyEntry>
      </list>
    </option>
  </component>
</application>