<application>
  <component name="KeyboardSettings">
    <option name="enabled" value="true" />
  </component>
  <component name="UISettings">
    <option name="MAX_LOOKUP_LIST_HEIGHT" value="22" />
    <option name="MAX_LOOKUP_WIDTH2" value="1872" />
    <option name="NAVIGATION_BAR_LOCATION" value="TOP" />
    <option name="OVERRIDE_NONIDEA_LAF_FONTS" value="true" />
    <option name="SHOW_INPLACE_COMMENTS" value="true" />
    <option name="showTreeIndentGuides" value="true" />
  </component>
</application>