<keymap version="1" name="macOS copy 1" parent="Mac OS X 10.5+">
  <action id="CommentByBlockComment">
    <keyboard-shortcut first-keystroke="meta alt slash" />
    <keyboard-shortcut first-keystroke="meta alt divide" />
    <keyboard-shortcut first-keystroke="shift ctrl slash" />
    <keyboard-shortcut first-keystroke="shift ctrl divide" />
    <keyboard-shortcut first-keystroke="shift meta slash" />
    <keyboard-shortcut first-keystroke="shift meta divide" />
    <keyboard-shortcut first-keystroke="shift meta divide" />
    <keyboard-shortcut first-keystroke="shift meta #10000e4" />
  </action>
  <action id="CommentByLineComment">
    <keyboard-shortcut first-keystroke="meta slash" />
    <keyboard-shortcut first-keystroke="meta divide" />
    <keyboard-shortcut first-keystroke="meta #10000c4" />
  </action>
  <action id="EditorDecreaseFontSize">
    <keyboard-shortcut first-keystroke="shift meta #10000fc" />
  </action>
  <action id="EditorIncreaseFontSize">
    <keyboard-shortcut first-keystroke="shift meta plus" />
  </action>
  <action id="EditorResetFontSize">
    <keyboard-shortcut first-keystroke="shift meta 0" />
  </action>
  <action id="MethodHierarchy.ImplementMethodAction">
    <keyboard-shortcut first-keystroke="ctrl i" />
    <keyboard-shortcut first-keystroke="shift ctrl i" />
  </action>
  <action id="NextProjectWindow">
    <keyboard-shortcut first-keystroke="meta alt back_quote" />
    <keyboard-shortcut first-keystroke="meta dead_circumflex" />
  </action>
  <action id="NextTab">
    <keyboard-shortcut first-keystroke="shift alt plus" />
  </action>
  <action id="OverrideMethods">
    <keyboard-shortcut first-keystroke="ctrl o" />
    <keyboard-shortcut first-keystroke="shift ctrl o" />
  </action>
  <action id="PreviousProjectWindow">
    <keyboard-shortcut first-keystroke="shift meta alt back_quote" />
    <keyboard-shortcut first-keystroke="shift meta dead_circumflex" />
  </action>
  <action id="PreviousTab">
    <keyboard-shortcut first-keystroke="shift alt #10000fc" />
  </action>
  <action id="android.deploy.ApplyChanges">
    <keyboard-shortcut first-keystroke="ctrl meta e" />
  </action>
  <action id="android.deploy.CodeSwap">
    <keyboard-shortcut first-keystroke="shift ctrl meta e" />
  </action>
  <action id="io.gitlab.arturbosch.detekt.idea.action.AutoCorrect">
    <keyboard-shortcut first-keystroke="shift ctrl alt d" />
  </action>
</keymap>